{ "mtx": [[645.5877048357886, 0.0, 320.23235836499487], [0.0, 643.757643097307, 237.54018192336147], [0.0, 0.0, 1.0]], "ret": 0.22367120643558167, "dist ": [[0.10453729927445746, -0.14094223830561747, -0.0003700058285920555, 0.003832234861901677, -0.48573923647478395]]}
